shots,rmsd
1.000000000000000000e+01,8.408912283603084958e-01
2.000000000000000000e+01,9.805259038429936513e-01
