shots, rmsd
1.000000000000000000e+03,1.034690209722452625e+00
2.000000000000000000e+03,1.036169083031436733e+00
3.000000000000000000e+03,1.036657933358477335e+00
4.000000000000000000e+03,1.036903318867032242e+00
5.000000000000000000e+03,1.037043245812964809e+00
