shots, rmsd, std_dev
1.000000000000000000e+01,1.910261515695937495e+00,0.000000000000000000e+00
2.000000000000000000e+01,7.622615156959376970e-01,0.000000000000000000e+00
