shots, rmsd
1.000000000000000000e+01,5.345452256747943443e-01
2.000000000000000000e+01,3.183676413759699009e-01
